<?xml version="1.0" encoding="UTF-8"?>
<project-private xmlns="http://www.netbeans.org/ns/project-private/1">
    <editor-bookmarks xmlns="http://www.netbeans.org/ns/editor-bookmarks/2" lastBookmarkId="0"/>
    <open-files xmlns="http://www.netbeans.org/ns/projectui-open-files/2">
<<<<<<< HEAD
        <group>
            <file>file:/C:/Users/Sofi/Documents/GitHub/JavaProject/ProjectCinema/src/projectcinema/SelectMovie.java</file>
        </group>
=======
        <group/>
>>>>>>> 5012501012f5a6185570c09d5a36ed06a73566d8
    </open-files>
</project-private>
